<?xml version="1.0" encoding="UTF-8"?>
<solver>
    <!-- 指定解决方案类 -->
    <solutionClass>com.autoscheduling.optaplanner_scheduler.domain.SchedulingSolution</solutionClass>

    <!-- 指定规划实体类 -->
    <entityClass>com.autoscheduling.optaplanner_scheduler.domain.Schedule</entityClass>

    <!-- Scoring配置 -->
    <scoreDirectorFactory>
        <constraintProviderClass>com.autoscheduling.optaplanner_scheduler.solver.SchedulingConstraintProvider</constraintProviderClass>
    </scoreDirectorFactory>

    <!-- 阶段的配置：构建初始解决方案、局部搜索 -->
    <termination>
        <!-- 例如，设置最大运行时间 -->
        <secondsSpentLimit>30</secondsSpentLimit>
    </termination>
</solver>
